"No.","Quantity","Comment","Designator","Footprint","Value","Manufacturer Part","Manufacturer","Supplier Part","Supplier","Category","LCSC Stock","Pin Count","LCSC Price","JLCPCB Stock","JLCPCB Price"
"1","2","1uF","1uF,1uF","C0402","1uF","TCC0402X5R105M6R3AT","CCTC(三环)","C2887021","LCSC","Capacitors:Multilayer Ceramic Capacitors MLCC - SMD/SMT","","2","","5161725","0.0007"
"2","2","4.7kΩ","4.7k,4.7k","R0805","4.7kΩ","RMC08054.7K5%N","Tyohm(幸亚电阻)","C269733","LCSC","Resistors:Chip Resistor - Surface Mount","","2","","2778","0.0008"
"3","2","4.7uF","4.7uF,4.7uF","C0603","4.7uF","CL10A475KP8NNNC","SAMSUNG(三星)","C1705","LCSC","Capacitors:Multilayer Ceramic Capacitors MLCC - SMD/SMT","","2","","1969979","0.0027"
"4","2","10kΩ","10k,10k","R0402","10kΩ","RC0402JR-0710KL","YAGEO(国巨)","C60489","LCSC","Resistors:Chip Resistor - Surface Mount","","2","","7547994","0.0005"
"5","3","10kΩ","10k,10k,10k","R0402","10kΩ","RC0402FR-0710KL","YAGEO(国巨)","C60490","LCSC","Resistors:Chip Resistor - Surface Mount","","2","","8318646","0.0005"
"6","5","10kΩ","10K,10K,10k,10k,10K","R0402","10kΩ","FRC0402F1002TS","FOJAN(富捷)","C2906861","LCSC","Resistors:Chip Resistor - Surface Mount","","2","","20129294","0.0004"
"7","7","10uF","10uF,10uF,10uF,10uF,10uF,10uF,10uF","C0603","10uF","TCC0603X5R106K160CT","CCTC(三环)","C18164635","LCSC","Capacitors:Multilayer Ceramic Capacitors MLCC - SMD/SMT","","2","","852515","0.0053"
"8","6","18pF","12MHz,12MHz,24MHz,24MHz,32mhz,32mhz","C0402","18pF","GRM1555C1H180FA01D","muRata(村田)","C161534","LCSC","Capacitors:Multilayer Ceramic Capacitors MLCC - SMD/SMT","","2","","73955","0.0013"
"9","1","15kΩ","15k","R0402","15kΩ","FRC0402F1502TS","FOJAN(富捷)","C2909322","LCSC","Resistors:Chip Resistor - Surface Mount","","2","","540724","0.0003"
"10","6","56kΩ","56k,56k,56k,56k,56k,56k","R0402","56kΩ","RC0402FR-0756KL","YAGEO(国巨)","C114756","LCSC","Resistors:Chip Resistor - Surface Mount","","2","","1481851","0.0006"
"11","1","68kΩ","68k","R0402","68kΩ","RC0402FR-0768KL","YAGEO(国巨)","C137947","LCSC","Resistors:Chip Resistor - Surface Mount","","2","","656740","0.0006"
"12","2","100kΩ","100k,100k","R0402","100kΩ","RC0402JR-07100KL","YAGEO(国巨)","C106234","LCSC","Resistors:Chip Resistor - Surface Mount","","2","","1338248","0.0004"
"13","4","100kΩ","100k,100k,100k,100k","R0402","100kΩ","0402WGD1003TCE","UNI-ROYAL(厚声)","C270658","LCSC","Resistors:Chip Resistor - Surface Mount","","2","","26589","0.0009"
"14","1","10uF","100nF","C0402","10uF","GRM155R60J106ME44D","muRata(村田)","C76991","LCSC","Capacitors:Multilayer Ceramic Capacitors MLCC - SMD/SMT","","2","","1018392","0.0042"
"15","33","100nF","100nF,100nF,100nF,100nF,100nF,100nF,100nF,100nF,100nF,100nF,100nF,100nF,100nF,100nF,100nF,100nF,100nF,100nF,100nF,100nF,100nF,100nF,100nF,100nF,100nF,100nF,100nF,100nF,100nF,100nF,100nF,100nf,100nF","C0402","100nF","FN15X104K160PNG","PSA(信昌电陶)","C328914","LCSC","Capacitors:Multilayer Ceramic Capacitors MLCC - SMD/SMT","","2","","5682948","0.001"
"16","3","220pF","220pF,220pF,220pF","C0402","220pF","GRM1555C1H221JA01D","muRata(村田)","C71693","LCSC","Capacitors:Multilayer Ceramic Capacitors MLCC - SMD/SMT","","2","","1158260","0.0008"
"17","1","240Ω","240","R0402","240Ω","RC0402FR-07240RL","YAGEO(国巨)","C114755","LCSC","Resistors:Chip Resistor - Surface Mount","","2","","1649111","0.0004"
"18","1","680Ω","680","R0402","680Ω","NQ02WGF6800TCE","UNI-ROYAL(厚声)","C965238","LCSC","Resistors:Chip Resistor - Surface Mount","","2","","9792","0.0004"
"19","1","AFC01-S12FCA-00","FPC1","FPC-SMD_AFC01-S12FCA-00","","AFC01-S12FCA-00","JS(钜硕电子)","C262661","LCSC","Connectors:FFC, FPC (Flat Flexible) Connector Assemblies","","14","","139782","0.0139"
"20","1","HX PH254-01-02-Z-L11.5 male header connector","H1","HDR-TH_2P-P2.54-V-M","","HX PH254-01-02-Z-L11.5 male header connector","hanxia(韩下)","C52016390","LCSC","Connectors:Pin Headers","","2","","36260","0.0024"
"21","1","4-pin header","H2","HDR-TH_4P-P2.54-V-M","","4-pin header","XFCN(兴飞)","C2691448","LCSC","Connectors:Pin Headers","","4","","1127210","0.0041"
"22","3","1.5uH","L1,L2,L3","IND-SMD_L2.0-W1.6-DFP201610TF","1.5uH","FTC201610S1R5MBCA","cjiang(长江微电)","C5832343","LCSC","Inductors, Coils, Chokes:Power Inductors","","2","","49703","0.007"
"23","3","MicroXNJ","Power,UART,USB FEL","MICRO-USB-SMD_MICROXNJ_1","","MicroXNJ","SHOU HAN(首韩)","C404969","LCSC","Connectors:USB Connectors","","9","","131045","0.0062"
"24","1","SI2302-HXY","Q1","SOT-23-3_L2.9-W1.3-P1.90-LS2.4-BR","","SI2302-HXY","HXY MOSFET(华轩阳电子)","C4748714","LCSC","Transistors/Thyristors:MOSFETs","","3","","344257","0.0022"
"25","1","10MΩ","R1","R0402","10MΩ","RC0402JR-0710ML","YAGEO(国巨)","C274900","LCSC","Resistors:Chip Resistor - Surface Mount","","2","","107369","0.0008"
"26","1","TS-103","SW1","SW-SMD_TS-103","","TS-103","SHOU HAN(首韩)","C668592","LCSC","Switches:Limit Switches","","4","","11424","0.0232"
"27","1","MSK12C02","SW2","SW-TH_MSK12C02","","MSK12C02","SHOU HAN(首韩)","C431540","LCSC","Switches:Slide Switches","","7","","146517","0.0085"
"28","2","TF-015-ZYD9AH1.85","TF1,TF2","TF-SMD_TF-015-ZYD9AH1.85","","TF-015-ZYD9AH1.85","XYECONN(辛译)","C20613194","LCSC","Connectors:SD Card / Memory Card Connector","","13","","1933","0.0098"
"29","1","V3s","U1","LQFP-128_L14.0-W14.0-P0.40-LS16.0-BL-EP5.0","","V3s","Allwinner(全志)","C2687449","LCSC","Embedded Processors & Controllers:Microcontrollers (MCU/MPU/SOC)","","129","","3766","2.5853"
"30","1","TPAPX809S-29SR","U2","SOT-23-3_L2.9-W1.3-P1.90-LS2.4-BR","","TPAPX809S-29SR","TECH PUBLIC(台舟)","C49375121","LCSC","Power Management (PMIC):Supervisor and Reset ICs","","3","","5874","0.01"
"31","1","EA3036CQBR","U3","WQFN-20_L3.0-W3.0-P0.40-BL-EP","","EA3036CQBR","everanalog(申风)","C570857","LCSC","","","21","","22957","0.0402"
"32","17","SPD9105W-MS","U4,U5,U6,U7,U8,U9,U14,U15,U16,U17,U18,U19,U20,U21,U23,U24,U25","SOD-323_L1.7-W1.3-LS2.5-BI","","SPD9105W-MS","MSKSEMI(美森科)","C2802362","LCSC","Circuit Protection:ESD and Surge Protection (TVS/ESD)","","2","","561","0.0072"
"33","1","HS20HS072RX","U10","OLED-SMD_HS20HS072RX","","HS20HS072RX","HS(汉昇)","C5329582","LCSC","Displays:LCD Screen","","0","","2445","0.5369"
"34","1","AP22804BW5-7","U11","SOT-25-5_L3.0-W1.6-P0.95-LS2.8-BL","","AP22804BW5-7","DIODES(美台)","C2150343","LCSC","Power Management (PMIC):Power Distribution Switches","","5","","2859","0.0263"
"35","1","GL850G-HHY22","U12","SSOP-28_L10.2-W5.3-P0.65-LS7.8-BL","","GL850G-HHY22","GENESYS(创惟)","C136617","LCSC","Interface:USB HUB Controllers","","28","","22545","0.0921"
"36","1","CH340C","U13","SOP-16_L10.0-W3.9-P1.27-LS6.0-BL","","CH340C","WCH(南京沁恒)","C84681","LCSC","Interface:USB Converters","","16","","50516","0.0875"
"37","1","MCP4725A0T-E/CH","U22","SOT-23-6_L2.9-W1.6-P0.95-LS2.8-BL","","MCP4725A0T-E/CH","MICROCHIP(美国微芯)","C144198","LCSC","Data Acquisition:Digital to Analog Converters (DAC)","","6","","17979","0.1412"
"38","1","TMUXHS221NKGR","U27","UQFN-10_L1.8-W1.4-P0.40-BL","","TMUXHS221NKGR","TI(德州仪器)","C7362468","LCSC","Interface:Analog Switches, Multiplexers","","10","","3304","0.155"
"39","3","USB-310-B-SU","USB1,USB2,USB3","USB-C-SMD_20P-P0.50-L7.4-W8.9","","USB-310-B-SU","HOOYA(皓宇电子)","C309347","LCSC","Connectors:USB Connectors","","20","","4062","0.0333"
"40","1","10.0 QTJ6.3","USB5","USB-A-SMD_10.0-QTJ6.3","","10.0 QTJ6.3","SHOU HAN(首韩)","C404966","LCSC","Connectors:USB Connectors","","8","","16853","0.0076"
"41","1","-","X1","CRYSTAL-SMD_4P-L3.2-W2.5-BL-1","-","DSX321G 24MHz","KDS(大真空)","C93235","LCSC","Crystals, Oscillators, Resonators:Crystals","","4","","8711","0.051"
"42","1","32.768kHz","X2","FC-135R_L3.2-W1.5","32.768kHz","Q13FC13500004","EPSON(爱普生)","C32346","LCSC","Crystals, Oscillators, Resonators:Crystals","","2","","688637","0.0257"
"43","1","12MHz","X4","OSC-SMD_4P-L2.5-W2.0-BL","12MHz","TXM12M0004252FBCEO00T","YJX(雅晶鑫)","C284155","LCSC","Crystals, Oscillators, Resonators:Crystals","","4","","111704","0.0156"
