"Designator","Device","Footprint","Mid X","Mid Y","Ref X","Ref Y","Pad X","Pad Y","Pins","Layer","Rotation","SMD","Comment","Name"
"24MHz","GRM1555C1H180FA01D","C0402","37.844mm","-15.117mm","37.844mm","-15.117mm","38.141mm","-15.414mm","2","T","135","Yes","18pF","18pF"
"24MHz","GRM1555C1H180FA01D","C0402","30.791mm","-11.196mm","30.791mm","-11.196mm","31.211mm","-11.196mm","2","T","180","Yes","18pF","18pF"
"U1","V3s","LQFP-128_L14.0-W14.0-P0.40-LS16.0-BL-EP5.0","31.75mm","-25.527mm","31.75mm","-25.527mm","25.55mm","-33.127mm","129","T","0","Yes","V3s","V3s"
"X1","DSX321G 24MHz","CRYSTAL-SMD_4P-L3.2-W2.5-BL-1","34.421mm","-12.933mm","34.421mm","-12.933mm","35.817mm","-13.092mm","4","T","135","Yes","-","-"
"X2","Q13FC13500004_C32346","FC-135R_L3.2-W1.5","25.781mm","-13.081mm","25.781mm","-13.081mm","27.031mm","-13.081mm","2","T","180","Yes","32.768kHz","32.768kHz"
"12MHz","GRM1555C1H180FA01D","C0402","30.35mm","-71.064mm","30.35mm","-71.064mm","30.35mm","-71.484mm","2","T","90","Yes","18pF","18pF"
"12MHz","GRM1555C1H180FA01D","C0402","23.3mm","-70.75mm","23.3mm","-70.75mm","23.3mm","-70.33mm","2","T","270","Yes","18pF","18pF"
"32mhz","GRM1555C1H180FA01D","C0402","29.289mm","-13.017mm","29.289mm","-13.017mm","29.709mm","-13.017mm","2","T","180","Yes","18pF","18pF"
"32mhz","GRM1555C1H180FA01D","C0402","22.86mm","-13.589mm","22.86mm","-13.589mm","22.86mm","-14.009mm","2","T","90","Yes","18pF","18pF"
"100nF","GRM155R60J106ME44D","C0402","21.59mm","-19.304mm","21.59mm","-19.304mm","22.01mm","-19.304mm","2","T","180","Yes","10uF","10uF"
"100nF","FN15X104K160PNG","C0402","21.209mm","-24.257mm","21.209mm","-24.257mm","20.789mm","-24.257mm","2","T","0","Yes","100nF","100nF"
"100nF","FN15X104K160PNG","C0402","41.887mm","-19.247mm","41.887mm","-19.247mm","41.467mm","-19.247mm","2","T","0","Yes","100nF","100nF"
"100nF","FN15X104K160PNG","C0402","41.899mm","-17.902mm","41.899mm","-17.902mm","42.319mm","-17.902mm","2","T","180","Yes","100nF","100nF"
"4.7uF","CL10A475KP8NNNC","C0603","25.654mm","-56.134mm","25.654mm","-56.134mm","25.654mm","-56.834mm","2","T","90","Yes","4.7uF","4.7uF"
"4.7uF","CL10A475KP8NNNC","C0603","16.447mm","-93.76mm","16.447mm","-93.76mm","15.747mm","-93.76mm","2","T","0","Yes","4.7uF","4.7uF"
"10uF","TCC0603X5R106K160CT","C0603","7.938mm","-89.061mm","7.938mm","-89.061mm","8.638mm","-89.061mm","2","T","180","Yes","10uF","10uF"
"100nF","FN15X104K160PNG","C0402","11.621mm","-92.49mm","11.621mm","-92.49mm","11.918mm","-92.193mm","2","T","225","Yes","100nF","100nF"
"1uF","TCC0402X5R105M6R3AT","C0402","9.583mm","-87.398mm","9.583mm","-87.398mm","9.88mm","-87.695mm","2","T","135","Yes","1uF","1uF"
"10uF","TCC0603X5R106K160CT","C0603","19.876mm","-89.061mm","19.876mm","-89.061mm","20.576mm","-89.061mm","2","T","180","Yes","10uF","10uF"
"10uF","TCC0603X5R106K160CT","C0603","17.082mm","-87.029mm","17.082mm","-87.029mm","17.082mm","-86.329mm","2","T","270","Yes","10uF","10uF"
"220pF","GRM1555C1H221JA01D","C0402","12.891mm","-86.14mm","12.891mm","-86.14mm","13.311mm","-86.14mm","2","T","180","Yes","220pF","220pF"
"10uF","TCC0603X5R106K160CT","C0603","15.05mm","-81.822mm","15.05mm","-81.822mm","15.05mm","-82.522mm","2","T","90","Yes","10uF","10uF"
"220pF","GRM1555C1H221JA01D","C0402","20.511mm","-93.506mm","20.511mm","-93.506mm","20.09mm","-93.506mm","2","T","0","Yes","220pF","220pF"
"10uF","TCC0603X5R106K160CT","C0603","23.559mm","-89.408mm","23.559mm","-89.408mm","24.259mm","-89.408mm","2","T","180","Yes","10uF","10uF"
"220pF","GRM1555C1H221JA01D","C0402","9.589mm","-94.395mm","9.589mm","-94.395mm","9.168mm","-94.395mm","2","T","0","Yes","220pF","220pF"
"100nF","FN15X104K160PNG","C0402","21.971mm","-67.44mm","21.971mm","-67.44mm","21.971mm","-67.02mm","2","T","270","Yes","100nF","100nF"
"100nF","FN15X104K160PNG","C0402","33.274mm","-59.947mm","33.274mm","-59.947mm","33.694mm","-59.947mm","2","T","180","Yes","100nF","100nF"
"100nF","FN15X104K160PNG","C0402","21.463mm","-59.566mm","21.463mm","-59.566mm","21.463mm","-59.986mm","2","T","90","Yes","100nF","100nF"
"100nF","FN15X104K160PNG","C0402","33.147mm","-66.424mm","33.147mm","-66.424mm","33.147mm","-66.004mm","2","T","270","Yes","100nF","100nF"
"1uF","TCC0402X5R105M6R3AT","C0402","32.314mm","-48.719mm","32.314mm","-48.719mm","32.314mm","-48.299mm","2","T","270","Yes","1uF","1uF"
"100nF","FN15X104K160PNG","C0402","25.723mm","-49.466mm","25.723mm","-49.466mm","25.723mm","-49.046mm","2","T","270","Yes","100nF","100nF"
"10uF","TCC0603X5R106K160CT","C0603","23.319mm","-49.427mm","23.319mm","-49.427mm","23.319mm","-50.128mm","2","T","90","Yes","10uF","10uF"
"100nF","FN15X104K160PNG","C0402","56.092mm","-17.84mm","56.092mm","-17.84mm","56.092mm","-18.26mm","2","T","90","Yes","100nF","100nF"
"100nF","FN15X104K160PNG","C0402","74.574mm","-16.806mm","74.574mm","-16.806mm","74.574mm","-17.226mm","2","T","90","Yes","100nF","100nF"
"100nF","FN15X104K160PNG","C0402","38.943mm","-89.281mm","38.943mm","-89.281mm","38.943mm","-88.861mm","2","T","270","Yes","100nF","100nF"
"FPC1","AFC01-S12FCA-00","FPC-SMD_AFC01-S12FCA-00","65.024mm","-84.963mm","65.024mm","-84.963mm","62.274mm","-83.623mm","14","T","0","Yes","AFC01-S12FCA-00","AFC01-S12FCA-00"
"H1","HX PH254-01-02-Z-L11.5 male header connector","HDR-TH_2P-P2.54-V-M","36.596mm","-92.201mm","36.596mm","-92.201mm","35.326mm","-92.201mm","2","T","0","No","HX PH254-01-02-Z-L11.5 male header connector","HX PH254-01-02-Z-L11.5 male header connector"
"H2","PZ254V-11-04P","HDR-TH_4P-P2.54-V-M","69.4mm","-26.842mm","69.4mm","-26.842mm","69.4mm","-30.652mm","4","T","90","No","4-pin header","4-pin header"
"L1","FTC201610S1R5MBCA","IND-SMD_L2.0-W1.6-DFP201610TF","15.05mm","-85.759mm","15.05mm","-85.759mm","15.05mm","-86.587mm","2","T","270","Yes","1.5uH","1.5uH"
"L2","FTC201610S1R5MBCA","IND-SMD_L2.0-W1.6-DFP201610TF","18.733mm","-90.966mm","18.733mm","-90.966mm","19.561mm","-90.966mm","2","T","0","Yes","1.5uH","1.5uH"
"L3","FTC201610S1R5MBCA","IND-SMD_L2.0-W1.6-DFP201610TF","9.657mm","-91.038mm","9.657mm","-91.038mm","10.485mm","-91.038mm","2","T","0","Yes","1.5uH","1.5uH"
"100nF","FN15X104K160PNG","C0402","29.972mm","-35.179mm","29.972mm","-35.179mm","29.972mm","-35.599mm","2","T","90","Yes","100nF","100nF"
"100nF","FN15X104K160PNG","C0402","32.893mm","-35.179mm","32.893mm","-35.179mm","32.893mm","-35.599mm","2","T","90","Yes","100nF","100nF"
"100nF","FN15X104K160PNG","C0402","35.357mm","-35.179mm","35.357mm","-35.179mm","35.357mm","-35.599mm","2","T","90","Yes","100nF","100nF"
"100nF","FN15X104K160PNG","C0402","36.83mm","-35.179mm","36.83mm","-35.179mm","36.83mm","-35.599mm","2","T","90","Yes","100nF","100nF"
"100nF","FN15X104K160PNG","C0402","41.91mm","-29.718mm","41.91mm","-29.718mm","42.33mm","-29.718mm","2","T","180","Yes","100nF","100nF"
"100nF","FN15X104K160PNG","C0402","41.99mm","-26.561mm","41.99mm","-26.561mm","42.41mm","-26.561mm","2","T","180","Yes","100nF","100nF"
"100nF","FN15X104K160PNG","C0402","42.926mm","-25.019mm","42.926mm","-25.019mm","43.346mm","-25.019mm","2","T","180","Yes","100nF","100nF"
"100nF","FN15X104K160PNG","C0402","45.339mm","-24.257mm","45.339mm","-24.257mm","45.759mm","-24.257mm","2","T","180","Yes","100nF","100nF"
"100nF","FN15X104K160PNG","C0402","42.418mm","-22.606mm","42.418mm","-22.606mm","42.838mm","-22.606mm","2","T","180","Yes","100nF","100nF"
"100nF","FN15X104K160PNG","C0402","44.196mm","-21.59mm","44.196mm","-21.59mm","44.616mm","-21.59mm","2","T","180","Yes","100nF","100nF"
"100nF","FN15X104K160PNG","C0402","47.498mm","-22.606mm","47.498mm","-22.606mm","47.918mm","-22.606mm","2","T","180","Yes","100nF","100nF"
"100nF","FN15X104K160PNG","C0402","45.974mm","-20.574mm","45.974mm","-20.574mm","46.394mm","-20.574mm","2","T","180","Yes","100nF","100nF"
"100nF","FN15X104K160PNG","C0402","42.672mm","-15.367mm","42.672mm","-15.367mm","43.092mm","-15.367mm","2","T","180","Yes","100nF","100nF"
"100nF","FN15X104K160PNG","C0402","40.132mm","-15.875mm","40.132mm","-15.875mm","39.835mm","-16.172mm","2","T","45","Yes","100nF","100nF"
"100nF","FN15X104K160PNG","C0402","39.37mm","-17.526mm","39.37mm","-17.526mm","39.79mm","-17.526mm","2","T","180","Yes","100nF","100nF"
"100nF","FN15X104K160PNG","C0402","31.369mm","-14.605mm","31.369mm","-14.605mm","31.072mm","-14.308mm","2","T","315","Yes","100nF","100nF"
"100nF","FN15X104K160PNG","C0402","33.147mm","-16.129mm","33.147mm","-16.129mm","33.147mm","-15.709mm","2","T","270","Yes","100nF","100nF"
"100nF","FN15X104K160PNG","C0402","21.209mm","-26.543mm","21.209mm","-26.543mm","20.789mm","-26.543mm","2","T","0","Yes","100nF","100nF"
"100nF","FN15X104K160PNG","C0402","20.574mm","-30.924mm","20.574mm","-30.924mm","20.154mm","-30.924mm","2","T","0","Yes","100nF","100nF"
"100nf","FN15X104K160PNG","C0402","20.574mm","-32.131mm","20.574mm","-32.131mm","20.154mm","-32.131mm","2","T","0","Yes","100nF","100nF"
"Power","MicroXNJ","MICRO-USB-SMD_MICROXNJ_1","44.45mm","-95.631mm","44.45mm","-95.631mm","43.15mm","-94.299mm","9","T","0","No","MicroXNJ","MicroXNJ"
"UART","MicroXNJ","MICRO-USB-SMD_MICROXNJ_1","95.717mm","-24.934mm","95.717mm","-24.934mm","94.385mm","-26.234mm","9","T","90","No","MicroXNJ","MicroXNJ"
"Q1","SI2302-HXY","SOT-23-3_L2.9-W1.3-P1.90-LS2.4-BR","42.312mm","-32.068mm","42.312mm","-32.068mm","43.262mm","-31.068mm","3","T","90","Yes","SI2302-HXY","SI2302-HXY"
"R1","RC0402JR-0710ML","R0402","25.781mm","-11.049mm","25.781mm","-11.049mm","26.214mm","-11.049mm","2","T","180","Yes","10MΩ","10MΩ"
"10k","RC0402FR-0710KL","R0402","18.733mm","-87.029mm","18.733mm","-87.029mm","18.733mm","-86.596mm","2","T","270","Yes","10kΩ","10kΩ"
"4.7k","RMC08054.7K5%N","R0805","36.045mm","-84.033mm","36.045mm","-84.033mm","36.045mm","-85.033mm","2","T","90","Yes","4.7kΩ","4.7kΩ"
"4.7k","RMC08054.7K5%N","R0805","38.308mm","-84.074mm","38.308mm","-84.074mm","38.308mm","-85.074mm","2","T","90","Yes","4.7kΩ","4.7kΩ"
"10k","RC0402FR-0710KL","R0402","20.003mm","-87.029mm","20.003mm","-87.029mm","20.003mm","-86.596mm","2","T","270","Yes","10kΩ","10kΩ"
"10k","RC0402FR-0710KL","R0402","10.478mm","-88.807mm","10.478mm","-88.807mm","10.045mm","-88.807mm","2","T","0","Yes","10kΩ","10kΩ"
"68k","RC0402FR-0768KL","R0402","12.891mm","-84.997mm","12.891mm","-84.997mm","13.323mm","-84.997mm","2","T","180","Yes","68kΩ","68kΩ"
"15k","FRC0402F1502TS","R0402","10.986mm","-86.14mm","10.986mm","-86.14mm","11.418mm","-86.14mm","2","T","180","Yes","15kΩ","15kΩ"
"100k","0402WGD1003TCE","R0402","21.4mm","-90.712mm","21.4mm","-90.712mm","21.832mm","-90.712mm","2","T","180","Yes","100kΩ","100kΩ"
"100k","RC0402JR-07100KL","R0402","20.511mm","-94.903mm","20.511mm","-94.903mm","20.078mm","-94.903mm","2","T","0","Yes","100kΩ","100kΩ"
"10K","FRC0402F1002TS","R0402","41.91mm","-20.574mm","41.91mm","-20.574mm","42.343mm","-20.574mm","2","T","180","Yes","10kΩ","10kΩ"
"10K","FRC0402F1002TS","R0402","41.851mm","-16.561mm","41.851mm","-16.561mm","41.418mm","-16.561mm","2","T","0","Yes","10kΩ","10kΩ"
"240","RC0402FR-07240RL","R0402","27.557mm","-16.11mm","27.557mm","-16.11mm","27.124mm","-16.11mm","2","T","0","Yes","240Ω","240Ω"
"100k","0402WGD1003TCE","R0402","11.875mm","-94.395mm","11.875mm","-94.395mm","12.307mm","-94.395mm","2","T","180","Yes","100kΩ","100kΩ"
"100k","0402WGD1003TCE","R0402","9.589mm","-92.998mm","9.589mm","-92.998mm","10.021mm","-92.998mm","2","T","180","Yes","100kΩ","100kΩ"
"100k","0402WGD1003TCE","R0402","21.4mm","-92.109mm","21.4mm","-92.109mm","20.967mm","-92.109mm","2","T","0","Yes","100kΩ","100kΩ"
"680","NQ02WGF6800TCE","R0402","23.495mm","-68.837mm","23.495mm","-68.837mm","23.062mm","-68.837mm","2","T","0","Yes","680Ω","680Ω"
"10k","RC0402JR-0710KL","R0402","28.272mm","-52.983mm","28.272mm","-52.983mm","28.272mm","-53.416mm","2","T","90","Yes","10kΩ","10kΩ"
"100k","RC0402JR-07100KL","R0402","30.353mm","-57.28mm","30.353mm","-57.28mm","29.92mm","-57.28mm","2","T","0","Yes","100kΩ","100kΩ"
"10k","FRC0402F1002TS","R0402","19.177mm","-16.891mm","19.177mm","-16.891mm","19.61mm","-16.891mm","2","T","180","Yes","10kΩ","10kΩ"
"10k","RC0402JR-0710KL","R0402","29.775mm","-52.991mm","29.775mm","-52.991mm","29.775mm","-52.559mm","2","T","270","Yes","10kΩ","10kΩ"
"56k","RC0402FR-0756KL","R0402","9.071mm","-60.76mm","9.071mm","-60.76mm","9.503mm","-60.76mm","2","T","180","Yes","56kΩ","56kΩ"
"56k","RC0402FR-0756KL","R0402","8.944mm","-57.839mm","8.944mm","-57.839mm","9.376mm","-57.839mm","2","T","180","Yes","56kΩ","56kΩ"
"56k","RC0402FR-0756KL","R0402","9.1mm","-45.139mm","9.1mm","-45.139mm","9.532mm","-45.139mm","2","T","180","Yes","56kΩ","56kΩ"
"56k","RC0402FR-0756KL","R0402","8.948mm","-42.217mm","8.948mm","-42.217mm","9.381mm","-42.217mm","2","T","180","Yes","56kΩ","56kΩ"
"56k","RC0402FR-0756KL","R0402","9.837mm","-30.11mm","9.837mm","-30.11mm","10.27mm","-30.11mm","2","T","180","Yes","56kΩ","56kΩ"
"56k","RC0402FR-0756KL","R0402","9.71mm","-27.189mm","9.71mm","-27.189mm","10.143mm","-27.189mm","2","T","180","Yes","56kΩ","56kΩ"
"TF1","TF-015-ZYD9AH1.85","TF-SMD_TF-015-ZYD9AH1.85","73.537mm","-9.383mm","73.537mm","-9.383mm","71.237mm","-14.68mm","13","T","180","Yes","TF-015-ZYD9AH1.85","TF-015-ZYD9AH1.85"
"TF2","TF-015-ZYD9AH1.85","TF-SMD_TF-015-ZYD9AH1.85","55.159mm","-9.655mm","55.159mm","-9.655mm","52.859mm","-14.951mm","13","T","180","Yes","TF-015-ZYD9AH1.85","TF-015-ZYD9AH1.85"
"U2","TPAPX809S-29SR","SOT-23-3_L2.9-W1.3-P1.90-LS2.4-BR","17.919mm","-19.304mm","17.919mm","-19.304mm","18.919mm","-20.254mm","3","T","0","Yes","TPAPX809S-29SR","TPAPX809S-29SR"
"U3","EA3036CQBR","WQFN-20_L3.0-W3.0-P0.40-BL-EP","14.269mm","-90.232mm","14.269mm","-90.232mm","13.469mm","-91.733mm","21","T","0","Yes","EA3036CQBR","EA3036CQBR"
"U4","SPD9105W-MS","SOD-323_L1.7-W1.3-LS2.5-BI","77.368mm","-18.711mm","77.368mm","-18.711mm","77.368mm","-17.506mm","2","T","270","Yes","SPD9105W-MS","SPD9105W-MS"
"U5","SPD9105W-MS","SOD-323_L1.7-W1.3-LS2.5-BI","79.146mm","-18.711mm","79.146mm","-18.711mm","79.146mm","-17.506mm","2","T","270","Yes","SPD9105W-MS","SPD9105W-MS"
"U6","SPD9105W-MS","SOD-323_L1.7-W1.3-LS2.5-BI","70.002mm","-16.298mm","70.002mm","-16.298mm","71.207mm","-16.298mm","2","T","180","Yes","SPD9105W-MS","SPD9105W-MS"
"U7","SPD9105W-MS","SOD-323_L1.7-W1.3-LS2.5-BI","72.288mm","-17.822mm","72.288mm","-17.822mm","72.288mm","-16.617mm","2","T","270","Yes","SPD9105W-MS","SPD9105W-MS"
"U8","SPD9105W-MS","SOD-323_L1.7-W1.3-LS2.5-BI","75.59mm","-18.711mm","75.59mm","-18.711mm","75.59mm","-17.506mm","2","T","270","Yes","SPD9105W-MS","SPD9105W-MS"
"U9","SPD9105W-MS","SOD-323_L1.7-W1.3-LS2.5-BI","73.431mm","-22.521mm","73.431mm","-22.521mm","73.431mm","-21.316mm","2","T","270","Yes","SPD9105W-MS","SPD9105W-MS"
"U10","HS20HS072RX","OLED-SMD_HS20HS072RX","65.151mm","-103.886mm","65.151mm","-103.886mm","65.151mm","-103.886mm","0","T","0","Yes","HS20HS072RX","HS20HS072RX"
"U11","AP22804BW5-7","SOT-25-5_L3.0-W1.6-P0.95-LS2.8-BL","28.892mm","-50.052mm","28.892mm","-50.052mm","27.593mm","-49.102mm","5","T","270","Yes","AP22804BW5-7","AP22804BW5-7"
"U12","GL850G-HHY22","SSOP-28_L10.2-W5.3-P0.65-LS7.8-BL","27.178mm","-62.995mm","27.178mm","-62.995mm","22.953mm","-66.45mm","28","T","0","Yes","GL850G-HHY22","GL850G-HHY22"
"U13","CH340C","SOP-16_L10.0-W3.9-P1.27-LS6.0-BL","84.15mm","-24.991mm","84.15mm","-24.991mm","79.705mm","-27.863mm","16","T","0","Yes","CH340C","CH340C"
"U14","SPD9105W-MS","SOD-323_L1.7-W1.3-LS2.5-BI","51.647mm","-17.19mm","51.647mm","-17.19mm","52.852mm","-17.19mm","2","T","180","Yes","SPD9105W-MS","SPD9105W-MS"
"U15","SPD9105W-MS","SOD-323_L1.7-W1.3-LS2.5-BI","53.298mm","-21.142mm","53.298mm","-21.142mm","53.298mm","-19.937mm","2","T","270","Yes","SPD9105W-MS","SPD9105W-MS"
"U16","SPD9105W-MS","SOD-323_L1.7-W1.3-LS2.5-BI","57.108mm","-20.253mm","57.108mm","-20.253mm","57.108mm","-19.048mm","2","T","270","Yes","SPD9105W-MS","SPD9105W-MS"
"U17","SPD9105W-MS","SOD-323_L1.7-W1.3-LS2.5-BI","55.076mm","-21.142mm","55.076mm","-21.142mm","55.076mm","-19.937mm","2","T","270","Yes","SPD9105W-MS","SPD9105W-MS"
"U18","SPD9105W-MS","SOD-323_L1.7-W1.3-LS2.5-BI","58.759mm","-18.856mm","58.759mm","-18.856mm","58.759mm","-17.651mm","2","T","270","Yes","SPD9105W-MS","SPD9105W-MS"
"U19","SPD9105W-MS","SOD-323_L1.7-W1.3-LS2.5-BI","60.537mm","-18.856mm","60.537mm","-18.856mm","60.537mm","-17.651mm","2","T","270","Yes","SPD9105W-MS","SPD9105W-MS"
"U20","SPD9105W-MS","SOD-323_L1.7-W1.3-LS2.5-BI","81.305mm","-16.552mm","81.305mm","-16.552mm","80.1mm","-16.552mm","2","T","0","Yes","SPD9105W-MS","SPD9105W-MS"
"U21","SPD9105W-MS","SOD-323_L1.7-W1.3-LS2.5-BI","62.823mm","-17.205mm","62.823mm","-17.205mm","61.618mm","-17.205mm","2","T","0","Yes","SPD9105W-MS","SPD9105W-MS"
"U22","MCP4725A0T-E/CH","SOT-23-6_L2.9-W1.6-P0.95-LS2.8-BL","36.554mm","-88.703mm","36.554mm","-88.703mm","35.604mm","-89.852mm","6","T","0","Yes","MCP4725A0T-E/CH","MCP4725A0T-E/CH"
"USB1","USB-310-B-SU","USB-C-SMD_20P-P0.50-L7.4-W8.9","4.407mm","-59.055mm","4.407mm","-59.055mm","6.214mm","-54.735mm","20","T","90","No","USB-310-B-SU","USB-310-B-SU"
"USB2","USB-310-B-SU","USB-C-SMD_20P-P0.50-L7.4-W8.9","4.378mm","-43.434mm","4.378mm","-43.434mm","6.185mm","-39.114mm","20","T","90","No","USB-310-B-SU","USB-310-B-SU"
"USB3","USB-310-B-SU","USB-C-SMD_20P-P0.50-L7.4-W8.9","5.164mm","-28.448mm","5.164mm","-28.448mm","6.971mm","-24.128mm","20","T","90","No","USB-310-B-SU","USB-310-B-SU"
"100nF","FN15X104K160PNG","C0402","83.547mm","-30.067mm","83.547mm","-30.067mm","83.547mm","-29.647mm","2","T","270","Yes","100nF","100nF"
"X4","TXM12M0004252FBCEO00T","OSC-SMD_4P-L2.5-W2.0-BL","26.67mm","-70.361mm","26.67mm","-70.361mm","27.872mm","-70.502mm","4","T","135","Yes","12MHz","12MHz"
"10k","FRC0402F1002TS","R0402","34.798mm","-64.138mm","34.798mm","-64.138mm","34.365mm","-64.138mm","2","T","0","Yes","10kΩ","10kΩ"
"SW2","MSK12C02","SW-TH_MSK12C02","30.405mm","-96.608mm","30.405mm","-96.608mm","28.155mm","-94.908mm","7","T","0","Yes","MSK12C02","MSK12C02"
"U23","SPD9105W-MS","SOD-323_L1.7-W1.3-LS2.5-BI","66.099mm","-27.797mm","66.099mm","-27.797mm","64.894mm","-27.797mm","2","T","0","Yes","SPD9105W-MS","SPD9105W-MS"
"U24","SPD9105W-MS","SOD-323_L1.7-W1.3-LS2.5-BI","66.167mm","-25.527mm","66.167mm","-25.527mm","64.962mm","-25.527mm","2","T","0","Yes","SPD9105W-MS","SPD9105W-MS"
"U25","SPD9105W-MS","SOD-323_L1.7-W1.3-LS2.5-BI","66.226mm","-22.971mm","66.226mm","-22.971mm","65.021mm","-22.971mm","2","T","0","Yes","SPD9105W-MS","SPD9105W-MS"
"10uF","TCC0603X5R106K160CT","C0603","5.398mm","-91.186mm","5.398mm","-91.186mm","6.098mm","-91.186mm","2","T","180","Yes","10uF","10uF"
"USB FEL","MicroXNJ","MICRO-USB-SMD_MICROXNJ_1","3.429mm","-14.605mm","3.429mm","-14.605mm","4.761mm","-13.305mm","9","T","270","No","MicroXNJ","MicroXNJ"
"USB5","10.0 QTJ6.3","USB-A-SMD_10.0-QTJ6.3","5.969mm","-73.787mm","5.969mm","-73.787mm","9.994mm","-70.287mm","8","T","270","Yes","10.0 QTJ6.3","10.0 QTJ6.3"
"SW1","TS-103","SW-SMD_TS-103","4.211mm","-6.477mm","4.211mm","-6.477mm","5.411mm","-4.077mm","4","T","0","Yes","TS-103","TS-103"
"U27","TMUXHS221NKGR","UQFN-10_L1.8-W1.4-P0.40-BL","18.796mm","-26.289mm","18.796mm","-26.289mm","19.383mm","-25.985mm","10","T","135","Yes","TMUXHS221NKGR","TMUXHS221NKGR"
"10K","FRC0402F1002TS","R0402","3.048mm","-2.286mm","3.048mm","-2.286mm","3.048mm","-1.853mm","2","T","270","Yes","10kΩ","10kΩ"
